INSERT INTO detail_user (name, second_name, last_name_m, last_name_p, age, weight, height) VALUES
('John', 'Doe', 'Smith', 'Johnson', '25', '70kg', '175cm'),
('Jane', 'Doe', 'Smith', 'Johnson', '30', '60kg', '165cm'),
('Alice', 'Wonder', 'Smith', 'Johnson', '22', '55kg', '160cm'),
('Bob', 'Builder', 'Smith', 'Johnson', '28', '80kg', '180cm'),
('Charlie', 'Brown', 'Smith', 'Johnson', '35', '90kg', '185cm'),
('David', 'Beckham', 'Smith', 'Johnson', '40', '75kg', '178cm'),
('Emma', 'Stone', 'Smith', 'Johnson', '27', '65kg', '170cm'),
('Fiona', 'Apple', 'Smith', 'Johnson', '29', '62kg', '168cm'),
('George', 'Bush', 'Smith', 'Johnson', '45', '85kg', '182cm'),
('Hannah', 'Montana', 'Smith', 'Johnson', '24', '58kg', '162cm'),
('Ian', 'Curtis', 'Smith', 'Johnson', '33', '77kg', '177cm'),
('Jack', 'Sparrow', 'Smith', 'Johnson', '36', '88kg', '183cm'),
('Kylie', 'Minogue', 'Smith', 'Johnson', '31', '61kg', '164cm'),
('Liam', 'Neeson', 'Smith', 'Johnson', '50', '82kg', '179cm'),
('Mia', 'Wallace', 'Smith', 'Johnson', '26', '54kg', '161cm'),
('Nina', 'Simone', 'Smith', 'Johnson', '29', '66kg', '166cm'),
('Oscar', 'Wilde', 'Smith', 'Johnson', '38', '79kg', '180cm'),
('Paul', 'McCartney', 'Smith', 'Johnson', '34', '73kg', '175cm'),
('Quinn', 'Fabray', 'Smith', 'Johnson', '23', '59kg', '163cm'),
('Ryan', 'Gosling', 'Smith', 'Johnson', '32', '72kg', '176cm'),
('Sophia', 'Loren', 'Smith', 'Johnson', '39', '68kg', '169cm'),
('Tom', 'Hanks', 'Smith', 'Johnson', '45', '80kg', '178cm'),
('Uma', 'Thurman', 'Smith', 'Johnson', '41', '63kg', '165cm'),
('Victor', 'Hugo', 'Smith', 'Johnson', '37', '78kg', '181cm'),
('Will', 'Smith', 'Smith', 'Johnson', '52', '84kg', '182cm'),
('Xena', 'Warrior', 'Smith', 'Johnson', '30', '70kg', '175cm'),
('Yara', 'Shahidi', 'Smith', 'Johnson', '20', '50kg', '160cm'),
('Zoe', 'Saldana', 'Smith', 'Johnson', '28', '57kg', '165cm'),
('Aaron', 'Paul', 'Smith', 'Johnson', '34', '76kg', '176cm'),
('Bella', 'Hadid', 'Smith', 'Johnson', '26', '55kg', '165cm'),
('Cameron', 'Diaz', 'Smith', 'Johnson', '42', '62kg', '168cm'),
('Daisy', 'Ridley', 'Smith', 'Johnson', '30', '58kg', '164cm'),
('Ethan', 'Hawke', 'Smith', 'Johnson', '39', '74kg', '177cm'),
('Freya', 'Allan', 'Smith', 'Johnson', '21', '53kg', '162cm');


INSERT INTO detail_per_trainer (name, second_name, last_name_m, last_name_p, age, weight, height) VALUES
('John', 'Doe', 'Smith', 'Johnson', '25', '70kg', '175cm'),
('Jane', 'Doe', 'Smith', 'Johnson', '30', '60kg', '165cm'),
('Alice', 'Wonder', 'Smith', 'Johnson', '22', '55kg', '160cm'),
('Bob', 'Builder', 'Smith', 'Johnson', '28', '80kg', '180cm'),
('Charlie', 'Brown', 'Smith', 'Johnson', '35', '90kg', '185cm'),
('David', 'Beckham', 'Smith', 'Johnson', '40', '75kg', '178cm'),
('Emma', 'Stone', 'Smith', 'Johnson', '27', '65kg', '170cm'),
('Fiona', 'Apple', 'Smith', 'Johnson', '29', '62kg', '168cm'),
('George', 'Bush', 'Smith', 'Johnson', '45', '85kg', '182cm'),
('Hannah', 'Montana', 'Smith', 'Johnson', '24', '58kg', '162cm'),
('Ian', 'Curtis', 'Smith', 'Johnson', '33', '77kg', '177cm'),
('Jack', 'Sparrow', 'Smith', 'Johnson', '36', '88kg', '183cm'),
('Kylie', 'Minogue', 'Smith', 'Johnson', '31', '61kg', '164cm'),
('Liam', 'Neeson', 'Smith', 'Johnson', '50', '82kg', '179cm'),
('Mia', 'Wallace', 'Smith', 'Johnson', '26', '54kg', '161cm'),
('Nina', 'Simone', 'Smith', 'Johnson', '29', '66kg', '166cm'),
('Oscar', 'Wilde', 'Smith', 'Johnson', '38', '79kg', '180cm'),
('Paul', 'McCartney', 'Smith', 'Johnson', '34', '73kg', '175cm'),
('Quinn', 'Fabray', 'Smith', 'Johnson', '23', '59kg', '163cm'),
('Ryan', 'Gosling', 'Smith', 'Johnson', '32', '72kg', '176cm'),
('Sophia', 'Loren', 'Smith', 'Johnson', '39', '68kg', '169cm'),
('Tom', 'Hanks', 'Smith', 'Johnson', '45', '80kg', '178cm'),
('Uma', 'Thurman', 'Smith', 'Johnson', '41', '63kg', '165cm'),
('Victor', 'Hugo', 'Smith', 'Johnson', '37', '78kg', '181cm'),
('Will', 'Smith', 'Smith', 'Johnson', '52', '84kg', '182cm'),
('Xena', 'Warrior', 'Smith', 'Johnson', '30', '70kg', '175cm'),
('Yara', 'Shahidi', 'Smith', 'Johnson', '20', '50kg', '160cm'),
('Zoe', 'Saldana', 'Smith', 'Johnson', '28', '57kg', '165cm'),
('Aaron', 'Paul', 'Smith', 'Johnson', '34', '76kg', '176cm'),
('Bella', 'Hadid', 'Smith', 'Johnson', '26', '55kg', '165cm'),
('Cameron', 'Diaz', 'Smith', 'Johnson', '42', '62kg', '168cm'),
('Daisy', 'Ridley', 'Smith', 'Johnson', '30', '58kg', '164cm'),
('Ethan', 'Hawke', 'Smith', 'Johnson', '39', '74kg', '177cm'),
('Freya', 'Allan', 'Smith', 'Johnson', '21', '53kg', '162cm');


INSERT INTO detail_class_trainer (name, second_name, last_name_m, last_name_p, age, weight, height) VALUES
('John', 'Doe', 'Smith', 'Johnson', '25', '70kg', '175cm'),
('Jane', 'Doe', 'Smith', 'Johnson', '30', '60kg', '165cm'),
('Alice', 'Wonder', 'Smith', 'Johnson', '22', '55kg', '160cm'),
('Bob', 'Builder', 'Smith', 'Johnson', '28', '80kg', '180cm'),
('Charlie', 'Brown', 'Smith', 'Johnson', '35', '90kg', '185cm'),
('David', 'Beckham', 'Smith', 'Johnson', '40', '75kg', '178cm'),
('Emma', 'Stone', 'Smith', 'Johnson', '27', '65kg', '170cm'),
('Fiona', 'Apple', 'Smith', 'Johnson', '29', '62kg', '168cm'),
('George', 'Bush', 'Smith', 'Johnson', '45', '85kg', '182cm'),
('Hannah', 'Montana', 'Smith', 'Johnson', '24', '58kg', '162cm'),
('Ian', 'Curtis', 'Smith', 'Johnson', '33', '77kg', '177cm'),
('Jack', 'Sparrow', 'Smith', 'Johnson', '36', '88kg', '183cm'),
('Kylie', 'Minogue', 'Smith', 'Johnson', '31', '61kg', '164cm'),
('Liam', 'Neeson', 'Smith', 'Johnson', '50', '82kg', '179cm'),
('Mia', 'Wallace', 'Smith', 'Johnson', '26', '54kg', '161cm'),
('Nina', 'Simone', 'Smith', 'Johnson', '29', '66kg', '166cm'),
('Oscar', 'Wilde', 'Smith', 'Johnson', '38', '79kg', '180cm'),
('Paul', 'McCartney', 'Smith', 'Johnson', '34', '73kg', '175cm'),
('Quinn', 'Fabray', 'Smith', 'Johnson', '23', '59kg', '163cm'),
('Ryan', 'Gosling', 'Smith', 'Johnson', '32', '72kg', '176cm'),
('Sophia', 'Loren', 'Smith', 'Johnson', '39', '68kg', '169cm'),
('Tom', 'Hanks', 'Smith', 'Johnson', '45', '80kg', '178cm'),
('Uma', 'Thurman', 'Smith', 'Johnson', '41', '63kg', '165cm'),
('Victor', 'Hugo', 'Smith', 'Johnson', '37', '78kg', '181cm'),
('Will', 'Smith', 'Smith', 'Johnson', '52', '84kg', '182cm'),
('Xena', 'Warrior', 'Smith', 'Johnson', '30', '70kg', '175cm'),
('Yara', 'Shahidi', 'Smith', 'Johnson', '20', '50kg', '160cm'),
('Zoe', 'Saldana', 'Smith', 'Johnson', '28', '57kg', '165cm'),
('Aaron', 'Paul', 'Smith', 'Johnson', '34', '76kg', '176cm'),
('Bella', 'Hadid', 'Smith', 'Johnson', '26', '55kg', '165cm'),
('Cameron', 'Diaz', 'Smith', 'Johnson', '42', '62kg', '168cm'),
('Daisy', 'Ridley', 'Smith', 'Johnson', '30', '58kg', '164cm'),
('Ethan', 'Hawke', 'Smith', 'Johnson', '39', '74kg', '177cm'),
('Freya', 'Allan', 'Smith', 'Johnson', '21', '53kg', '162cm');


INSERT INTO per_trainer (username, password, email, id_detail) VALUES
('trainer1', 'password1', 'trainer1@example.com', 1),
('trainer2', 'password2', 'trainer2@example.com', 2),
('trainer3', 'password3', 'trainer3@example.com', 3),
('trainer4', 'password4', 'trainer4@example.com', 4),
('trainer5', 'password5', 'trainer5@example.com', 5),
('trainer6', 'password6', 'trainer6@example.com', 6),
('trainer7', 'password7', 'trainer7@example.com', 7),
('trainer8', 'password8', 'trainer8@example.com', 8),
('trainer9', 'password9', 'trainer9@example.com', 9),
('trainer10', 'password10', 'trainer10@example.com', 10),
('trainer11', 'password11', 'trainer11@example.com', 11),
('trainer12', 'password12', 'trainer12@example.com', 12),
('trainer13', 'password13', 'trainer13@example.com', 13),
('trainer14', 'password14', 'trainer14@example.com', 14),
('trainer15', 'password15', 'trainer15@example.com', 15),
('trainer16', 'password16', 'trainer16@example.com', 16),
('trainer17', 'password17', 'trainer17@example.com', 17),
('trainer18', 'password18', 'trainer18@example.com', 18),
('trainer19', 'password19', 'trainer19@example.com', 19),
('trainer20', 'password20', 'trainer20@example.com', 20),
('trainer21', 'password21', 'trainer21@example.com', 21),
('trainer22', 'password22', 'trainer22@example.com', 22),
('trainer23', 'password23', 'trainer23@example.com', 23),
('trainer24', 'password24', 'trainer24@example.com', 24),
('trainer25', 'password25', 'trainer25@example.com', 25),
('trainer26', 'password26', 'trainer26@example.com', 26),
('trainer27', 'password27', 'trainer27@example.com', 27),
('trainer28', 'password28', 'trainer28@example.com', 28),
('trainer29', 'password29', 'trainer29@example.com', 29),
('trainer30', 'password30', 'trainer30@example.com', 30);



INSERT INTO membership (id, membership_type, description, has_cardio, has_pool, has_food_court) VALUES
(1, 'Basic', 'Access to gym equipment', TRUE, FALSE, FALSE),
(2, 'Premium', 'Access to gym equipment and classes', TRUE, TRUE, TRUE),
(3, 'Family', 'Access for family members', TRUE, TRUE, TRUE),
(4, 'Student', 'Discounted rate',TRUE,TRUE,TRUE);


INSERT INTO clients (username, password, email, id_membership, id_trainer, id_detail) VALUES
('client1', 'password1', 'client1@example.com', 1, 1, 1),
('client2', 'password2', 'client2@example.com', 2, 2, 2),
('client3', 'password3', 'client3@example.com', 3, 3, 3),
('client4', 'password4', 'client4@example.com', 1, 4, 4),
('client5', 'password5', 'client5@example.com', 2, 5, 5),
('client6', 'password6', 'client6@example.com', 3, 6, 6),
('client7', 'password7', 'client7@example.com', 1, 7, 7),
('client8', 'password8', 'client8@example.com', 2, 8, 8),
('client9', 'password9', 'client9@example.com', 3, 9, 9),
('client10', 'password10', 'client10@example.com', 1, 10, 10),
('client11', 'password11', 'client11@example.com', 2, 11, 11),
('client12', 'password12', 'client12@example.com', 3, 12, 12),
('client13', 'password13', 'client13@example.com', 1, 13, 13),
('client14', 'password14', 'client14@example.com', 2, 14, 14),
('client15', 'password15', 'client15@example.com', 3, 15, 15),
('client16', 'password16', 'client16@example.com', 1, 16, 16),
('client17', 'password17', 'client17@example.com', 2, 17, 17),
('client18', 'password18', 'client18@example.com', 3, 18, 18),
('client19', 'password19', 'client19@example.com', 1, 19, 19),
('client20', 'password20', 'client20@example.com', 2, 20, 20),
('client21', 'password21', 'client21@example.com', 3, 21, 21),
('client22', 'password22', 'client22@example.com', 1, 22, 22),
('client23', 'password23', 'client23@example.com', 2, 23, 23),
('client24', 'password24', 'client24@example.com', 3, 24, 24),
('client25', 'password25', 'client25@example.com', 1, 25, 25),
('client26', 'password26', 'client26@example.com', 2, 26, 26),
('client27', 'password27', 'client27@example.com', 3, 27, 27),
('client28', 'password28', 'client28@example.com', 1, 28, 28),
('client29', 'password29', 'client29@example.com', 2, 29, 29),
('client30', 'password30', 'client30@example.com', 3, 30, 30);



INSERT INTO specialty (name, description) VALUES
('Yoga', 'A practice that combines physical postures, breathing techniques, and meditation.'),
('Pilates', 'A form of low-impact exercise that aims to strengthen muscles while improving postural alignment and flexibility.'),
('Zumba', 'A dance fitness program that combines Latin and international music with dance moves.'),
('CrossFit', 'A high-intensity fitness program that combines elements of cardio, weightlifting, and bodyweight exercises.'),
('Bodybuilding', 'A form of exercise focused on developing muscle size and strength through resistance training.'),
('Cardio', 'Aerobic exercises that improve cardiovascular health and endurance.'),
('HIIT', 'High-Intensity Interval Training, a form of exercise that alternates short bursts of intense activity with rest or lower-intensity exercise.'),
('Kickboxing', 'A martial arts-inspired workout that combines boxing with elements of karate and other martial arts.'),
('Spin', 'An indoor cycling workout that focuses on endurance, strength, and interval training.'),
('Aerobics', 'A rhythmic workout involving movement to music, designed to improve cardiovascular fitness.'),
('Dance', 'A fun and energetic way to get fit through various dance styles.'),
('Strength Training', 'A type of physical exercise specializing in the use of resistance to induce muscular contraction.'),
('Boot Camp', 'A high-energy workout that combines strength training and cardiovascular exercises in a group setting.'),
('Barre', 'A workout that incorporates ballet-inspired moves to improve strength and flexibility.'),
('Tai Chi', 'A gentle form of martial arts focusing on slow movements and deep breathing.'),
('Piloxing', 'A combination of Pilates, boxing, and dance for a full-body workout.'),
('Aqua Aerobics', 'A water-based exercise class that combines aerobics with resistance training.'),
('Circuit Training', 'A form of body conditioning or resistance training using high-intensity aerobics.'),
('Kettlebell Training', 'A workout using kettlebells to improve strength, endurance, and flexibility.'),
('Functional Training', 'Exercises that train the body for activities performed in daily life.'),
('Body Combat', 'A high-energy martial arts-inspired workout that is totally non-contact.'),
('Step Aerobics', 'A form of aerobic exercise that involves stepping on and off a raised platform.'),
('Ballet Fitness', 'A workout that incorporates ballet techniques to improve flexibility and strength.'),
('Core Conditioning', 'Exercises designed to strengthen the core muscles of the body.'),
('Boxing Fitness', 'A workout that combines boxing techniques with cardio training.'),
('Salsa Dancing', 'A lively dance style that combines Latin music with energetic movements.'),
('Kickfit', 'A workout combining kickboxing and fitness training for a full-body workout.'),
('Meditation', 'A practice of focused attention and mindfulness for mental clarity and relaxation.'),
('Stretching', 'Exercises aimed at improving flexibility and range of motion.'),
('Body Pump', 'A barbell workout that strengthens your entire body.'),
('Yoga Sculpt', 'A yoga class that incorporates weights for added strength training.'),
('Prenatal Yoga', 'Yoga designed specifically for pregnant women to improve flexibility and relaxation.'),
('Postnatal Fitness', 'Exercise classes designed to help new mothers regain strength and fitness after childbirth.');



INSERT INTO trainers_class (username, password, email, id_detail) VALUES
('trainer_class1', 'password1', 'trainer_class1@example.com', 1),
('trainer_class2', 'password2', 'trainer_class2@example.com', 2),
('trainer_class3', 'password3', 'trainer_class3@example.com', 3),
('trainer_class4', 'password4', 'trainer_class4@example.com', 4),
('trainer_class5', 'password5', 'trainer_class5@example.com', 5),
('trainer_class6', 'password6', 'trainer_class6@example.com', 6),
('trainer_class7', 'password7', 'trainer_class7@example.com', 7),
('trainer_class8', 'password8', 'trainer_class8@example.com', 8),
('trainer_class9', 'password9', 'trainer_class9@example.com', 9),
('trainer_class10', 'password10', 'trainer_class10@example.com', 10),
('trainer_class11', 'password11', 'trainer_class11@example.com', 11),
('trainer_class12', 'password12', 'trainer_class12@example.com', 12),
('trainer_class13', 'password13', 'trainer_class13@example.com', 13),
('trainer_class14', 'password14', 'trainer_class14@example.com', 14),
('trainer_class15', 'password15', 'trainer_class15@example.com', 15),
('trainer_class16', 'password16', 'trainer_class16@example.com', 16),
('trainer_class17', 'password17', 'trainer_class17@example.com', 17),
('trainer_class18', 'password18', 'trainer_class18@example.com', 18),
('trainer_class19', 'password19', 'trainer_class19@example.com', 19),
('trainer_class20', 'password20', 'trainer_class20@example.com', 20),
('trainer_class21', 'password21', 'trainer_class21@example.com', 21),
('trainer_class22', 'password22', 'trainer_class22@example.com', 22),
('trainer_class23', 'password23', 'trainer_class23@example.com', 23),
('trainer_class24', 'password24', 'trainer_class24@example.com', 24),
('trainer_class25', 'password25', 'trainer_class25@example.com', 25),
('trainer_class26', 'password26', 'trainer_class26@example.com', 26),
('trainer_class27', 'password27', 'trainer_class27@example.com', 27),
('trainer_class28', 'password28', 'trainer_class28@example.com', 28),
('trainer_class29', 'password29', 'trainer_class29@example.com', 29),
('trainer_class30', 'password30', 'trainer_class30@example.com', 30);




INSERT INTO work_class (id, name, description, duration) VALUES
(1, 'Yoga Basics', 'A beginner-friendly class focusing on foundational yoga poses.', '60 minutes'),
(2, 'Advanced Pilates', 'An advanced class for those familiar with Pilates techniques.', '45 minutes'),
(3, 'Zumba Dance Party', 'A fun, energetic class combining dance and fitness.', '60 minutes'),
(4, 'CrossFit Fundamentals', 'Introduction to CrossFit movements and techniques.', '90 minutes'),
(5, 'Bodybuilding 101', 'A class focused on strength training and muscle building.', '60 minutes'),
(6, 'Cardio Blast', 'A high-energy cardio workout to improve endurance.', '30 minutes'),
(7, 'HIIT for Beginners', 'High-Intensity Interval Training designed for newcomers.', '30 minutes'),
(8, 'Kickboxing Fitness', 'A cardio workout that combines boxing and martial arts.', '60 minutes'),
(9, 'Spin Class', 'An indoor cycling class that focuses on endurance and strength.', '45 minutes'),
(10, 'Aerobic Dance', 'A rhythmic workout combining dance and fitness movements.', '50 minutes'),
(11, 'Strength Training Basics', 'Introduction to weight lifting and strength training.', '60 minutes'),
(12, 'Boot Camp Challenge', 'A military-style workout for all fitness levels.', '60 minutes'),
(13, 'Barre Fitness', 'A workout that combines ballet, Pilates, and yoga techniques.', '45 minutes'),
(14, 'Tai Chi Flow', 'A gentle form of martial arts focusing on balance and relaxation.', '60 minutes'),
(15, 'Piloxing Fusion', 'A blend of Pilates, boxing, and dance for a full-body workout.', '50 minutes'),
(16, 'Aqua Aerobics', 'A water-based exercise class that improves fitness in a fun way.', '45 minutes'),
(17, 'Circuit Training', 'A workout that combines different exercises in a circuit format.', '60 minutes'),
(18, 'Kettlebell Conditioning', 'A workout using kettlebells for strength and endurance.', '45 minutes'),
(19, 'Functional Fitness', 'Exercises that train the body for everyday activities.', '60 minutes'),
(20, 'Body Combat', 'A high-energy martial arts-inspired workout.', '60 minutes'),
(21, 'Step Aerobics', 'A classic aerobic workout using a raised platform.', '50 minutes'),
(22, 'Ballet Fitness', 'A workout that incorporates ballet techniques for strength and flexibility.', '45 minutes'),
(23, 'Core Conditioning', 'Focused exercises to strengthen the core muscles.', '30 minutes'),
(24, 'Boxing Fitness', 'A workout that combines boxing techniques with cardio training.', '60 minutes'),
(25, 'Salsa Dance Workout', 'A lively dance class that combines fitness with salsa moves.', '60 minutes'),
(26, 'Kickfit Training', 'A combination of kickboxing and fitness training.', '45 minutes'),
(27, 'Meditation and Mindfulness', 'A class focused on relaxation and mental clarity.', '30 minutes'),
(28, 'Stretch and Flexibility', 'Exercises aimed at improving flexibility and range of motion.', '30 minutes'),
(29, 'Body Pump', 'A barbell workout that strengthens the entire body.', '60 minutes'),
(30, 'Yoga Sculpt', 'A yoga class that incorporates weights for added strength training.', '60 minutes');



INSERT INTO schedules (id, day, start_time, end_time) VALUES
(1, 'Monday', '07:00 AM', '08:00 AM'),
(2, 'Monday', '09:00 AM', '10:00 AM'),
(3, 'Monday', '06:00 PM', '07:00 PM'),
(4, 'Tuesday', '05:00 PM', '06:00 PM'),
(5, 'Tuesday', '06:30 PM', '07:30 PM'),
(6, 'Wednesday', '06:00 PM', '07:00 PM'),
(7, 'Wednesday', '07:00 PM', '08:00 PM'),
(8, 'Thursday', '10:00 AM', '11:00 AM'),
(9, 'Thursday', '06:00 PM', '07:00 PM'),
(10, 'Friday', '05:00 PM', '06:00 PM'),
(11, 'Friday', '06:30 PM', '07:30 PM'),
(12, 'Saturday', '08:00 AM', '09:00 AM'),
(13, 'Saturday', '10:00 AM', '11:00 AM'),
(14, 'Saturday', '12:00 PM', '01:00 PM'),
(15, 'Saturday', '01:30 PM', '02:30 PM'),
(16, 'Sunday', '09:00 AM', '10:00 AM'),
(17, 'Sunday', '10:30 AM', '11:30 AM'),
(18, 'Sunday', '12:00 PM', '01:00 PM'),
(19, 'Sunday', '01:30 PM', '02:30 PM'),
(20, 'Monday', '08:00 PM', '09:00 PM'),
(21, 'Tuesday', '07:00 PM', '08:00 PM'),
(22, 'Wednesday', '05:00 PM', '06:00 PM'),
(23, 'Thursday', '07:00 PM', '08:00 PM'),
(24, 'Friday', '06:00 PM', '07:00 PM'),
(25, 'Saturday', '09:00 AM', '10:00 AM'),
(26, 'Saturday', '11:00 AM', '12:00 PM'),
(27, 'Sunday', '03:00 PM', '04:00 PM'),
(28, 'Monday', '06:00 PM', '07:00 PM'),
(29, 'Thursday', '11:00 AM', '12:00 PM'),
(30, 'Saturday', '02:00 PM', '03:00 PM');

INSERT INTO schedulesGym (id, day, start_time, end_time) VALUES
(1, 'Monday', '07:00 AM', '08:00 AM'),
(2, 'Monday', '09:00 AM', '10:00 AM'),
(3, 'Monday', '06:00 PM', '07:00 PM'),
(4, 'Tuesday', '05:00 PM', '06:00 PM'),
(5, 'Tuesday', '06:30 PM', '07:30 PM'),
(6, 'Wednesday', '06:00 PM', '07:00 PM'),
(7, 'Wednesday', '07:00 PM', '08:00 PM'),
(8, 'Thursday', '10:00 AM', '11:00 AM'),
(9, 'Thursday', '06:00 PM', '07:00 PM'),
(10, 'Friday', '05:00 PM', '06:00 PM'),
(11, 'Friday', '06:30 PM', '07:30 PM'),
(12, 'Saturday', '08:00 AM', '09:00 AM'),
(13, 'Saturday', '10:00 AM', '11:00 AM'),
(14, 'Saturday', '12:00 PM', '01:00 PM'),
(15, 'Saturday', '01:30 PM', '02:30 PM'),
(16, 'Sunday', '09:00 AM', '10:00 AM'),
(17, 'Sunday', '10:30 AM', '11:30 AM'),
(18, 'Sunday', '12:00 PM', '01:00 PM'),
(19, 'Sunday', '01:30 PM', '02:30 PM'),
(20, 'Monday', '08:00 PM', '09:00 PM'),
(21, 'Tuesday', '07:00 PM', '08:00 PM'),
(22, 'Wednesday', '05:00 PM', '06:00 PM'),
(23, 'Thursday', '07:00 PM', '08:00 PM'),
(24, 'Friday', '06:00 PM', '07:00 PM'),
(25, 'Saturday', '09:00 AM', '10:00 AM'),
(26, 'Saturday', '11:00 AM', '12:00 PM'),
(27, 'Sunday', '03:00 PM', '04:00 PM'),
(28, 'Monday', '06:00 PM', '07:00 PM'),
(29, 'Thursday', '11:00 AM', '12:00 PM'),
(30, 'Saturday', '02:00 PM', '03:00 PM');


INSERT INTO work_class_schedules (work_class_id, schedule_id) VALUES
(1, 1),   -- Work Class 1 with Schedule 1
(1, 20),  -- Work Class 1 with Schedule 20
(2, 2),   -- Work Class 2 with Schedule 2
(3, 3),   -- Work Class 3 with Schedule 3
(4, 4),   -- Work Class 4 with Schedule 4
(5, 5),   -- Work Class 5 with Schedule 5
(6, 6),   -- Work Class 6 with Schedule 6
(7, 7),   -- Work Class 7 with Schedule 7
(8, 8),   -- Work Class 8 with Schedule 8
(9, 9),   -- Work Class 9 with Schedule 9
(10, 10), -- Work Class 10 with Schedule 10
(1, 11),  -- Work Class 1 with Schedule 11
(2, 12),  -- Work Class 2 with Schedule 12
(3, 13),  -- Work Class 3 with Schedule 13
(4, 14),  -- Work Class 4 with Schedule 14
(5, 15),  -- Work Class 5 with Schedule 15
(6, 16),  -- Work Class 6 with Schedule 16
(7, 17),  -- Work Class 7 with Schedule 17
(8, 18),  -- Work Class 8 with Schedule 18
(9, 19),  -- Work Class 9 with Schedule 19
(10, 20), -- Work Class 10 with Schedule 20
(1, 21),  -- Work Class 1 with Schedule 21
(2, 22),  -- Work Class 2 with Schedule 22
(3, 23),  -- Work Class 3 with Schedule 23
(4, 24),  -- Work Class 4 with Schedule 24
(5, 25),  -- Work Class 5 with Schedule 25
(6, 26),  -- Work Class 6 with Schedule 26
(7, 27),  -- Work Class 7 with Schedule 27
(8, 28),  -- Work Class 8 with Schedule 28
(9, 29),  -- Work Class 9 with Schedule 29
(10, 30); -- Work Class 10 with Schedule 30



INSERT INTO pertrainer_specialty (pertrainer_id, specialty_id) VALUES
(1, 1),  -- Personal Trainer 1 specializes in Specialty 1
(1, 2),  -- Personal Trainer 1 specializes in Specialty 2
(2, 1),  -- Personal Trainer 2 specializes in Specialty 1
(2, 3),  -- Personal Trainer 2 specializes in Specialty 3
(3, 2),  -- Personal Trainer 3 specializes in Specialty 2
(3, 4),  -- Personal Trainer 3 specializes in Specialty 4
(4, 3),  -- Personal Trainer 4 specializes in Specialty 3
(5, 5),  -- Personal Trainer 5 specializes in Specialty 5
(6, 1),  -- Personal Trainer 6 specializes in Specialty 1
(7, 2),  -- Personal Trainer 7 specializes in Specialty 2
(8, 4),  -- Personal Trainer 8 specializes in Specialty 4
(9, 3),  -- Personal Trainer 9 specializes in Specialty 3
(10, 5); -- Personal Trainer 10 specializes in Specialty 5



INSERT INTO trainer_class_specialty (trainer_class_id, specialty_id) VALUES
(1, 1),  -- Trainer Class 1 specializes in Specialty 1
(1, 2),  -- Trainer Class 1 specializes in Specialty 2
(2, 1),  -- Trainer Class 2 specializes in Specialty 1
(2, 3),  -- Trainer Class 2 specializes in Specialty 3
(3, 2),  -- Trainer Class 3 specializes in Specialty 2
(3, 4),  -- Trainer Class 3 specializes in Specialty 4
(4, 3),  -- Trainer Class 4 specializes in Specialty 3
(5, 5),  -- Trainer Class 5 specializes in Specialty 5
(6, 1),  -- Trainer Class 6 specializes in Specialty 1
(7, 2),  -- Trainer Class 7 specializes in Specialty 2
(8, 4),  -- Trainer Class 8 specializes in Specialty 4
(9, 3),  -- Trainer Class 9 specializes in Specialty 3
(10, 5); -- Trainer Class 10 specializes in Specialty 5



INSERT INTO trainer_class_work_class (trainer_class_id, work_class_id) VALUES
(1, 1),  -- Trainer Class 1 is associated with Work Class 1
(1, 2),  -- Trainer Class 1 is associated with Work Class 2
(2, 1),  -- Trainer Class 2 is associated with Work Class 1
(2, 3),  -- Trainer Class 2 is associated with Work Class 3
(3, 2),  -- Trainer Class 3 is associated with Work Class 2
(3, 4),  -- Trainer Class 3 is associated with Work Class 4
(4, 3),  -- Trainer Class 4 is associated with Work Class 3
(5, 5),  -- Trainer Class 5 is associated with Work Class 5
(6, 1),  -- Trainer Class 6 is associated with Work Class 1
(7, 2),  -- Trainer Class 7 is associated with Work Class 2
(8, 4),  -- Trainer Class 8 is associated with Work Class 4
(9, 3),  -- Trainer Class 9 is associated with Work Class 3
(10, 5); -- Trainer Class 10 is associated with Work Class 5



INSERT INTO client_work_class (client_id, work_class_id) VALUES
(1, 1),  -- Client 1 is associated with Work Class 1
(1, 2),  -- Client 1 is associated with Work Class 2
(2, 1),  -- Client 2 is associated with Work Class 1
(2, 3),  -- Client 2 is associated with Work Class 3
(3, 2),  -- Client 3 is associated with Work Class 2
(3, 4),  -- Client 3 is associated with Work Class 4
(4, 3),  -- Client 4 is associated with Work Class 3
(5, 5),  -- Client 5 is associated with Work Class 5
(6, 1),  -- Client 6 is associated with Work Class 1
(7, 2),  -- Client 7 is associated with Work Class 2
(8, 4),  -- Client 8 is associated with Work Class 4
(9, 3),  -- Client 9 is associated with Work Class 3
(10, 5); -- Client 10 is associated with Work Class 5




INSERT INTO promotion (description, duration, percentage_discount, start_date, end_date, active) VALUES
('New Year Sale - Celebrate the New Year with a special discount.', '1 week', 20, '2024-01-01', '2024-01-07', TRUE),
('Spring Clearance - Clearance sale for spring items.', '2 weeks', 30, '2024-03-01', '2024-03-14', TRUE),
('Summer Blowout - Massive discounts on summer products.', '1 month', 25, '2024-06-01', '2024-06-30', TRUE),
('Back to School - Get ready for school with our back-to-school discounts.', '3 weeks', 15, '2024-08-01', '2024-08-21', TRUE),
('Black Friday - Unbeatable deals on Black Friday.', '1 day', 50, '2024-11-29', '2024-11-29', TRUE),
('Cyber Monday - Exclusive online discounts on Cyber Monday.', '1 day', 40, '2024-12-02', '2024-12-02', TRUE),
('Christmas Sale - Festive discounts for the holiday season.', '2 weeks', 35, '2024-12-15', '2024-12-31', TRUE),
('Valentine\'s Day - Special offers for Valentine\'s Day.', '1 week', 20, '2024-02-07', '2024-02-14', TRUE),
('Easter Special - Discounts on Easter-themed products.', '1 week', 25, '2024-04-01', '2024-04-07', TRUE),
('Mother\'s Day - Celebrate mothers with special discounts.', '1 week', 15, '2024-05-01', '2024-05-07', TRUE),
('Father\'s Day - Special offers for fathers.', '1 week', 15, '2024-06-01', '2024-06-07', TRUE),
('Labor Day Sale - Discounts to celebrate Labor Day.', '1 week', 20, '2024-09-01', '2024-09-07', TRUE),
('Halloween Sale - Spooky discounts for Halloween.', '1 week', 30, '2024-10-25', '2024-10-31', TRUE),
('Thanksgiving Sale - Special discounts for Thanksgiving.', '1 week', 25, '2024-11-20', '2024-11-26', TRUE),
('End of Season Sale - Clearance on seasonal items.', '2 weeks', 40, '2024-01-15', '2024-01-31', TRUE),
('Anniversary Sale - Celebrate our anniversary with discounts.', '1 week', 30, '2024-02-01', '2024-02-07', TRUE),
('Weekend Flash Sale - Limited time weekend offers.', '3 days', 50, '2024-03-15', '2024-03-17', TRUE),
('Buy One Get One Free - Special offer on select items.', '1 month', 100, '2024-04-01', '2024-04-30', TRUE),
('Loyalty Program Discount - Exclusive discounts for loyal customers.', 'Ongoing', 10, '2024-01-01', '2025-01-01', TRUE),
('Seasonal Clearance - End of season clearance sale.', '2 weeks', 35, '2024-06-15', '2024-06-30', TRUE),
('New Product Launch - Discounts on new arrivals.', '1 month', 20, '2024-07-01', '2024-07-31', TRUE),
('Holiday Sale - Discounts for the holiday season.', '1 month', 30, '2024-12-01', '2024-12-31', TRUE),
('Tech Week - Discounts on all tech products.', '1 week', 25, '2024-09-01', '2024-09-07', TRUE),
('Fitness Promotion - Special discounts on fitness equipment.', '2 weeks', 20, '2024-01-10', '2024-01-24', TRUE),
('Travel Sale - Discounts on travel packages.', '1 month', 15, '2024-05-01', '2024-05-31', TRUE),
('Pet Lovers Sale - Special offers for pet products.', '1 week', 20, '2024-08-01', '2024-08-07', TRUE);


INSERT INTO equipament (name, description, start_date, end_date, age_status) VALUES
('Excavator', 'Heavy machinery used for digging and construction.', '2020-05-01', '2025-05-01', 'Used'),
('Forklift', 'A powered industrial truck used to lift and move materials.', '2019-03-15', '2024-03-15', 'Used'),
('Concrete Mixer', 'Machine used to combine concrete ingredients.', '2021-06-10', '2026-06-10', 'New'),
('Backhoe Loader', 'Versatile machine for digging and loading.', '2018-04-20', '2023-04-20', 'Old'),
('Bulldozer', 'Powerful tractor with a broad blade for pushing material.', '2017-11-05', '2022-11-05', 'Old'),
('Scaffolding', 'Temporary structure for supporting work crews and materials.', '2022-01-10', '2025-01-10', 'New'),
('Dump Truck', 'Truck used for transporting loose material.', '2020-08-15', '2025-08-15', 'Used'),
('Cranes', 'Machine for lifting and moving heavy loads.', '2019-02-01', '2024-02-01', 'Used'),
('Generator', 'Device that converts mechanical energy into electrical energy.', '2021-07-01', '2026-07-01', 'New'),
('Air Compressor', 'Device that converts power into potential energy stored in pressurized air.', '2020-12-05', '2025-12-05', 'Used'),
('Welding Machine', 'Equipment used to join materials together.', '2018-09-10', '2023-09-10', 'Old'),
('Ladder', 'A tool for reaching high places.', '2021-05-20', '2026-05-20', 'New'),
('Pneumatic Drill', 'Tool that uses compressed air to drill holes.', '2019-04-15', '2024-04-15', 'Used'),
('Concrete Vibrator', 'Tool used to remove air bubbles from concrete.', '2020-10-01', '2025-10-01', 'New'),
('Surveying Equipment', 'Tools for measuring and mapping land.', '2021-03-15', '2026-03-15', 'New'),
('Road Roller', 'Vehicle used to compact soil, gravel, or asphalt.', '2018-07-25', '2023-07-25', 'Old'),
('Tile Cutter', 'Tool for cutting tiles to size.', '2020-11-15', '2025-11-15', 'Used'),
('Jackhammer', 'Pneumatic or electric tool used for breaking up pavement.', '2019-06-30', '2024-06-30', 'Used'),
('Pressure Washer', 'Machine used to clean surfaces with high-pressure water.', '2021-01-20', '2026-01-20', 'New'),
('Sander', 'Tool used to smooth surfaces by abrasion.', '2020-03-10', '2025-03-10', 'Used'),
('Drill Press', 'Machine tool for drilling holes with precision.', '2018-08-05', '2023-08-05', 'Old'),
('Chipper', 'Machine for reducing wood into chips.', '2021-04-01', '2026-04-01', 'New'),
('Forklift Attachment', 'Attachment for forklifts to handle specific loads.', '2020-02-15', '2025-02-15', 'Used'),
('Concrete Saw', 'Saw designed for cutting concrete and masonry.', '2019-05-10', '2024-05-10', 'Used'),
('Compactor', 'Machine used to reduce the size of material by applying pressure.', '2020-07-20', '2025-07-20', 'New'),
('Vibratory Plate', 'Tool used for compacting soil and asphalt.', '2018-12-01', '2023-12-01', 'Old'),
('Laser Level', 'Tool used to establish a level reference line.', '2021-09-15', '2026-09-15', 'New'),
('Asphalt Paver', 'Machine used to lay asphalt on roads.', '2017-10-10', '2022-10-10', 'Old');


INSERT INTO pool (name, description, date_clean, start_date, end_date) VALUES
('Olympic Pool', 'An Olympic-sized swimming pool for competitions.', '2023-06-15', '2020-01-01', '2030-12-31'),
('Community Pool', 'A public pool for community use.', '2023-07-10', '2019-05-15', '2024-09-30'),
('Indoor Pool', 'A heated indoor pool for year-round use.', '2023-08-01', '2021-02-20', '2026-05-15'),
('Kids Pool', 'A shallow pool designed for children.', '2023-05-20', '2020-04-10', '2025-08-01'),
('Lap Pool', 'A pool designed for swimming laps.', '2023-06-30', '2022-01-01', '2027-12-31'),
('Resort Pool', 'A luxurious pool at a resort.', '2023-07-15', '2021-03-01', '2026-03-01'),
('Infinity Pool', 'A pool with a stunning view that appears to merge with the horizon.', '2023-06-25', '2022-06-01', '2025-06-01'),
('Hot Tub', 'A small pool filled with heated water for relaxation.', '2023-08-05', '2020-09-10', '2024-09-10'),
('Therapy Pool', 'A pool designed for therapeutic exercises.', '2023-07-20', '2021-04-15', '2026-04-15'),
('Splash Pool', 'A fun pool with water features for kids.', '2023-05-25', '2020-07-01', '2025-07-01'),
('Training Pool', 'A pool used for swim training.', '2023-06-10', '2022-01-15', '2027-01-15'),
('Natural Pool', 'A pool that uses natural filtration methods.', '2023-08-10', '2021-05-20', '2026-05-20'),
('School Pool', 'A pool located at a school for student use.', '2023-07-05', '2019-08-01', '2024-06-30'),
('Competition Pool', 'A pool designed for competitive swimming events.', '2023-06-15', '2020-01-10', '2030-01-10'),
('Family Pool', 'A large pool suitable for family activities.', '2023-07-30', '2021-03-15', '2026-03-15'),
('Wave Pool', 'A pool that generates waves for surfing.', '2023-05-30', '2022-04-01', '2027-04-01'),
('Diving Pool', 'A deep pool designed for diving.', '2023-06-20', '2020-02-01', '2025-02-01');

INSERT INTO Inscription (id_client, date_inscription, start_month, end_month, price) VALUES
(1, '2024-01-01', '2024-01-01', '2024-02-01', 100.00),
(2, '2024-01-05', '2024-01-05', '2024-02-05', 120.00),
(3, '2024-01-10', '2024-01-10', '2024-02-10', 110.00),
(4, '2024-01-15', '2024-01-15', '2024-02-15', 130.00),
(5, '2024-01-20', '2024-01-20', '2024-02-20', 115.00),
(6, '2024-01-25', '2024-01-25', '2024-02-25', 140.00),
(7, '2024-02-01', '2024-02-01', '2024-03-01', 125.00),
(8, '2024-02-05', '2024-02-05', '2024-03-05', 135.00),
(9, '2024-02-10', '2024-02-10', '2024-03-10', 145.00),
(10, '2024-02-15', '2024-02-15', '2024-03-15', 155.00),
(11, '2024-02-20', '2024-02-20', '2024-03-20', 115.00),
(12, '2024-02-25', '2024-02-25', '2024-03-25', 105.00),
(13, '2024-03-01', '2024-03-01', '2024-04-01', 110.00),
(14, '2024-03-05', '2024-03-05', '2024-04-05', 120.00),
(15, '2024-03-10', '2024-03-10', '2024-04-10', 130.00),
(16, '2024-03-15', '2024-03-15', '2024-04-15', 140.00),
(17, '2024-03-20', '2024-03-20', '2024-04-20', 150.00),
(18, '2024-03-25', '2024-03-25', '2024-04-25', 160.00),
(19, '2024-04-01', '2024-04-01', '2024-05-01', 170.00),
(20, '2024-04-05', '2024-04-05', '2024-05-05', 180.00),
(21, '2024-04-10', '2024-04-10', '2024-05-10', 190.00),
(22, '2024-04-15', '2024-04-15', '2024-05-15', 200.00),
(23, '2024-04-20', '2024-04-20', '2024-05-20', 210.00),
(24, '2024-04-25', '2024-04-25', '2024-05-25', 220.00),
(25, '2024-05-01', '2024-05-01', '2024-06-01', 230.00),
(26, '2024-05-05', '2024-05-05', '2024-06-05', 240.00),
(27, '2024-05-10', '2024-05-10', '2024-06-10', 250.00),
(28, '2024-05-15', '2024-05-15', '2024-06-15', 260.00),
(29, '2024-05-20', '2024-05-20', '2024-06-20', 270.00),
(30, '2024-05-25', '2024-05-25', '2024-06-25', 280.00);
